Maturity,R2,RMSE (bp),MAE (bp),N
Y1,0.999997,0.2396,0.1795,228
Y3,0.998625,3.989,2.9883,228
Y5,0.993364,7.5584,5.6623,228
Y10,0.997653,3.8091,2.8535,228
